Model,CV Mean R2,CV Std
Linear Regression,0.9629318911630216,0.0033895721724002768
Random Forest,0.8232341355407907,0.009239359855298999
Decision Tree,0.5950387805698224,0.02596387297631568
KNN,0.5889151352424868,0.00499432373052778
SVM,-0.0012639370052364373,0.004029084407143776
