Model,MAE,MSE,RMSE,R2,OOB
Linear Regression,5436.095489926951,50773083.72774213,7125.5234002662655,0.9634690177574822,
Decision Tree,7979.72491,109238739.793685,10451.733817586679,0.9214032678220468,
Random Forest,9177.10155,141710632.18776768,11904.227492272134,0.8954075306112428,0.8927254231138999
Bagging,9197.046098611112,142346384.7317875,11930.900415802133,0.8949383002685886,0.8926858385072922
KNN,16896.526726190477,446179980.7554541,21122.972820023562,0.6706876170222227,
AdaBoost,20447.94044027431,648524839.531247,25466.150858173423,0.5213427999061901,
SVM,28962.67287360593,1331238005.0308473,36486.134421597024,0.017452197194009256,
